Subfolder,Mean Difference Value,Lowest Difference Value,Highest Difference Value,Edge Frequency
BIRADS_2,0.04792540761969,0.01886200217975,0.112297308736824,16900.8289582269
BIRADS_3,0.0594205119669496,0.00704102034081036,0.14960199785133,43195.4199349175
BIRADS_4,0.0659459529934022,0.0176984571587328,0.152693665193091,13993.7380841273
BIRADS_5,0.10431740681581,0.035281402746957,0.283843856924609,37336.84193774
